"id","comment_text","toxic","severe_toxic","obscene","threat","insult","identity_hate"
0,"One fish",0,0,0,0,0,0
1,"two fish",0,0,0,0,0,0
2,"red fish",0,0,0,0,0,0
3,"blue fish",0,0,0,0,0,0
4,"stupid fish",1,0,0,0,0,0
5,"fish are dumb",1,0,0,0,0,0
6,"fuck off",0,1,0,0,0,0
7,"dumb fuck",1,1,0,0,0,0
8,"One fish",0,0,0,0,0,0
9,"two fish",0,0,0,0,0,0
10,"red fish",0,0,0,0,0,0
11,"blue fish",0,0,0,0,0,0
12,"stupid fish",1,0,0,0,0,0
13,"fish are dumb",1,0,0,0,0,0
14,"fuck off",0,1,0,0,0,0
15,"dumb fuck",1,1,0,0,0,0
